id,department,product,customerId
1,Garden,Muffin - Mix - Strawberry Rhubarb,
2,Industrial,Pork - Belly Fresh,554
3,Electronics,Sobe - Orange Carrot,
4,Outdoors,Stock - Fish,
5,Clothing,"Soup - Knorr, Chicken Noodle",171
6,Grocery,Trueblue - Blueberry 12x473ml,827
7,Health,Lobster - Base,
8,Garden,Bandage - Fexible 1x3,
9,Health,Wine - Merlot Vina Carmen,941
10,Industrial,Red Currants,
11,Jewelry,"Fish - Soup Base, Bouillon",388
12,Kids,Lobster - Base,
13,Electronics,Soup Campbells,935
14,Baby,Bay Leaf Ground,
15,Clothing,Remy Red Berry Infusion,
16,Health,Cheese - Grie Des Champ,27
17,Industrial,Salad Dressing,217
18,Games,Sorrel - Fresh,711
19,Outdoors,"Beef - Kindney, Whole",
20,Garden,Muffin - Mix - Creme Brule 15l,
21,Health,"Wine - Red, Mosaic Zweigelt",911
22,Home,"Crush - Orange, 355ml",
23,Games,Beef - Ox Tongue,943
24,Outdoors,Crab - Soft Shell,
25,Home,Carbonated Water - Cherry,863
26,Music,Soap - Mr.clean Floor Soap,223
27,Grocery,Turkey - Ground. Lean,537
28,Electronics,Grenadine,829
29,Games,Sobe - Liz Blizz,641
30,Movies,"Oregano - Dry, Rubbed",680
31,Beauty,Cookies Almond Hazelnut,
32,Kids,Compound - Orange,
33,Music,Cheese - Montery Jack,560
34,Industrial,Cheese - Pied De Vents,485
35,Automotive,"Mushroom - Shitake, Fresh",924
36,Shoes,"Soup - Campbells, Creamy",379
37,Sports,"Beef - Tongue, Fresh",
38,Grocery,"Oil - Truffle, Black",
39,Toys,Bread - Hamburger Buns,3
40,Grocery,Roe - Flying Fish,302
41,Sports,V8 Splash Strawberry Kiwi,
42,Automotive,"Lentils - Red, Dry",487
43,Books,Coffee - Decafenated,551
44,Computers,Mackerel Whole Fresh,
45,Home,Wiberg Cure,
46,Toys,Soup - Campbellschix Stew,936
47,Electronics,Coffee - Almond Amaretto,484
48,Outdoors,Beer - Muskoka Cream Ale,
49,Tools,Table Cloth - 53x69 Colour,409
50,Electronics,Everfresh Products,221
51,Books,"Octopus - Baby, Cleaned",
52,Beauty,Potatoes - Mini Red,
53,Electronics,"Bread - White, Sliced",589
54,Clothing,Fondant - Icing,
55,Baby,Sauce - Hoisin,939
56,Electronics,Fennel - Seeds,624
57,Health,Drambuie,264
58,Toys,Sauce - Roasted Red Pepper,906
59,Kids,Ice Cream Bar - Oreo Sandwich,226
60,Automotive,Currants,444
61,Movies,The Pop Shoppe Pinapple,
62,Computers,Soup V8 Roasted Red Pepper,960
63,Health,Bread - Crusty Italian Poly,
64,Books,Syrup - Monin - Blue Curacao,92
65,Outdoors,Soup - Campbells Beef Strogonoff,
66,Health,Glass Clear 7 Oz Xl,256
67,Sports,"Star Anise, Whole",
68,Automotive,"Vodka - Hot, Lnferno",246
69,Games,Wine - Sauvignon Blanc,556
70,Health,Tuna - Salad Premix,354
71,Music,Veal - Provimi Inside,
72,Automotive,Soup - Base Broth Chix,
73,Outdoors,Halibut - Steaks,377
74,Clothing,"Beets - Candy Cane, Organic",889
75,Toys,Bread Roll Foccacia,100
76,Clothing,Frangelico,421
77,Kids,Wine - Sauvignon Blanc Oyster,688
78,Industrial,Bread Bowl Plain,604
79,Shoes,Milk Powder,874
80,Garden,"Coke - Diet, 355 Ml",245
81,Garden,"Pail - 4l White, With Handle",30
82,Electronics,True - Vue Containers,
83,Shoes,Soup - French Onion,364
84,Grocery,Island Oasis - Banana Daiquiri,
85,Tools,Cheese Cloth No 60,131
86,Health,"Shrimp - 16 - 20 Cooked, Peeled",895
87,Outdoors,"Wine - Magnotta, White",785
88,Sports,Bread - Italian Corn Meal Poly,408
89,Grocery,Wine - Piper Heidsieck Brut,640
90,Sports,"Vodka - Hot, Lnferno",
91,Health,"Syrup - Golden, Lyles",
92,Kids,Sage - Fresh,
93,Computers,Bread - White Epi Baguette,
94,Shoes,Grapefruit - White,346
95,Shoes,Sponge Cake Mix - Vanilla,498
96,Sports,Chervil - Fresh,255
97,Books,Smoked Paprika,73
98,Industrial,Jameson - Irish Whiskey,
99,Jewelry,Alize Sunset,704
100,Books,Fudge - Cream Fudge,
101,Jewelry,Pasta - Agnolotti - Butternut,30
102,Grocery,Wine - Balbach Riverside,
103,Computers,Chickhen - Chicken Phyllo,
104,Toys,Salt And Pepper Mix - White,129
105,Shoes,"Soup - Campbells, Creamy",96
106,Games,Chinese Foods - Chicken Wing,864
107,Home,Water - Green Tea Refresher,772
108,Toys,Pastry - Butterscotch Baked,278
109,Health,Beer - Upper Canada Lager,932
110,Games,Cleaner - Comet,257
111,Grocery,Seaweed Green Sheets,
112,Garden,Bread Base - Italian,
113,Tools,Pasta - Agnolotti - Butternut,
114,Jewelry,Neckerchief Blck,565
115,Kids,Tofu - Firm,
116,Industrial,Oil - Olive,158
117,Computers,Vinegar - White,879
118,Books,Cranberry Foccacia,566
119,Movies,Wine - Port Late Bottled Vintage,
120,Health,Cheese - Oka,753
121,Automotive,Sauce - Hp,900
122,Electronics,Table Cloth 53x69 White,181
123,Jewelry,"Chestnuts - Whole,canned",284
124,Computers,Beef - Top Butt Aaa,19
125,Tools,Extract Vanilla Pure,
126,Grocery,"Beef - Tongue, Fresh",284
127,Toys,Banana,946
128,Toys,Marjoram - Fresh,166
129,Kids,Samosa - Veg,583
130,Toys,Cheese - Oka,360
131,Toys,"Red Snapper - Fresh, Whole",
132,Automotive,"Juice - Cranberry, 341 Ml",808
133,Tools,Bar Bran Honey Nut,281
134,Shoes,Cheese - Brie,
135,Books,Salmon - Fillets,
136,Industrial,Allspice - Jamaican,657
137,Music,Pie Filling - Apple,869
138,Home,Wild Boar - Tenderloin,
139,Clothing,Milk - Chocolate 250 Ml,356
140,Health,Table Cloth - 53x69 Colour,728
141,Baby,Sour Puss Raspberry,
142,Electronics,"Pail - 4l White, With Handle",584
143,Games,Peach - Fresh,337
144,Toys,"Oil - Food, Lacquer Spray",
145,Computers,Soup - Cream Of Broccoli,
146,Electronics,Tomatoes - Heirloom,
147,Industrial,"Cheese - Manchego, Spanish",222
148,Books,Garbage Bags - Black,656
149,Clothing,Toamtoes 6x7 Select,
150,Health,"Brocolinni - Gaylan, Chinese",669
151,Automotive,Chocolate - White,305
152,Games,Chives - Fresh,
153,Industrial,"Wine - Red, Marechal Foch",
154,Clothing,Garlic - Elephant,83
155,Movies,Dried Cherries,
156,Baby,Pie Pecan,
157,Jewelry,Sponge Cake Mix - Vanilla,158
158,Clothing,Compound - Pear,512
159,Games,Thermometer Digital,359
160,Kids,Daves Island Stinger,
161,Beauty,Bar Special K,168
162,Garden,Samosa - Veg,
163,Shoes,Scallop - St. Jaques,708
164,Kids,Veal - Nuckle,
165,Industrial,Soup - Campbells Beef Noodle,387
166,Toys,Lobster - Cooked,360
167,Clothing,"Beans - Black Bean, Canned",229
168,Industrial,Tea - Mint,855
169,Sports,"Beef - Tongue, Cooked",
170,Movies,Lamb - Shoulder,248
171,Jewelry,"Wine - Red, Harrow Estates, Cab",
172,Jewelry,Bread - White Epi Baguette,595
173,Home,Russian Prince,745
174,Grocery,Chicken - Whole Roasting,
175,Movies,Cactus Pads,
176,Garden,Chips - Doritos,617
177,Games,Sprouts - China Rose,688
178,Games,Wine - Chianti Classica Docg,
179,Kids,"Wine - Red, Mouton Cadet",
180,Beauty,"Lettuce - Romaine, Heart",
181,Garden,Beer - Corona,670
182,Movies,Glycerine,
183,Automotive,"Soup - Clam Chowder, Dry Mix",
184,Sports,Sauerkraut,179
185,Automotive,"Oranges - Navel, 72",199
186,Music,Ham - Black Forest,
187,Automotive,"Vermouth - White, Cinzano",
188,Industrial,Paper Towel Touchless,398
189,Industrial,Veal - Knuckle,
190,Automotive,Pepper - Sorrano,250
191,Kids,"Mushroom - Morels, Dry",461
192,Games,Chef Hat 20cm,324
193,Games,Wine - Spumante Bambino White,594
194,Clothing,Godiva White Chocolate,954
195,Industrial,"Pasta - Orzo, Dry",823
196,Industrial,Loquat,255
197,Games,Chives - Fresh,
198,Garden,Wine - Wyndham Estate Bin 777,
199,Grocery,Cactus Pads,
200,Health,Hand Towel,122
201,Tools,"Veal - Round, Eye Of",251
202,Music,Scallops - Live In Shell,645
203,Baby,Mushroom - Lg - Cello,
204,Automotive,Leeks - Large,632
205,Baby,Bread - English Muffin,283
206,Sports,Muffin - Banana Nut Individual,569
207,Automotive,Port - 74 Brights,672
208,Tools,Wine - Magnotta - Pinot Gris Sr,144
209,Baby,Ice Cream Bar - Hagen Daz,
210,Kids,Evaporated Milk - Skim,
211,Beauty,Wine - Guy Sage Touraine,162
212,Computers,Country Roll,441
213,Industrial,Cloves - Ground,
214,Shoes,Soup - Campbells Asian Noodle,567
215,Baby,Pork - Side Ribs,
216,Industrial,"Cherries - Maraschino,jar",353
217,Movies,Beef - Cow Feet Split,218
218,Sports,"Pasta - Lasagna, Dry",467
219,Sports,Bacon Strip Precooked,596
220,Grocery,Longos - Lasagna Veg,278
221,Industrial,Wine - Conde De Valdemar,590
222,Kids,Milkettes - 2%,896
223,Automotive,Chutney Sauce - Mango,
224,Automotive,Onions - White,700
225,Grocery,Spice - Paprika,627
226,Industrial,Cheese - Bocconcini,
227,Computers,Beer - Sleemans Cream Ale,535
228,Music,Plastic Arrow Stir Stick,
229,Kids,Tuna - Salad Premix,
230,Garden,Corn - On The Cob,762
231,Baby,V8 - Tropical Blend,887
232,Industrial,Oil - Olive,530
233,Jewelry,Wine - Prem Select Charddonany,971
234,Movies,Beans - Yellow,479
235,Garden,Boogies,719
236,Electronics,"C - Plus, Orange",833
237,Books,Cabbage - Green,
238,Movies,Soup Campbells Beef With Veg,398
239,Sports,Ginger - Crystalized,
240,Automotive,"Cheese - Cheddar, Old White",
241,Games,Veal - Slab Bacon,379
242,Beauty,Syrup - Monin - Passion Fruit,
243,Health,Gloves - Goldtouch Disposable,
244,Outdoors,Beans - Kidney White,
245,Toys,Wine - Puligny Montrachet A.,927
246,Toys,Tomatoes,851
247,Toys,Wine - Rubyport,693
248,Industrial,Wine - Casillero Del Diablo,282
249,Outdoors,Sauce - Roasted Red Pepper,990
250,Books,"Placemat - Scallop, White",986
251,Clothing,"Wine - Saint - Bris 2002, Sauv",
252,Home,Milk 2% 500 Ml,833
253,Music,Wine - Zinfandel California 2002,
254,Books,Wine - Fontanafredda Barolo,400
255,Industrial,Pepper - Roasted Red,
256,Automotive,Muffin Puck Ww Carrot,118
257,Health,"Syrup - Monin, Swiss Choclate",
258,Kids,"Pepsi - Diet, 355 Ml",251
259,Baby,"Syrup - Monin, Swiss Choclate",293
260,Movies,Tomatoes Tear Drop Yellow,954
261,Toys,Milk - Condensed,268
262,Automotive,Cleaner - Lime Away,
263,Health,Peach - Fresh,814
264,Movies,Potatoes - Idaho 80 Count,
265,Movies,Cookie Dough - Chunky,489
266,Outdoors,Bread - White Mini Epi,
267,Grocery,"Beef - Bones, Marrow",
268,Health,Chip - Potato Dill Pickle,
269,Industrial,Pie Shells 10,
270,Books,Muffins - Assorted,665
271,Baby,"Chicken - Base, Ultimate",
272,Music,Eel Fresh,
273,Electronics,Beets,949
274,Books,"Beans - Turtle, Black, Dry",858
275,Electronics,Beef Ground Medium,948
276,Shoes,Seabream Whole Farmed,446
277,Home,Trueblue - Blueberry 12x473ml,4
278,Automotive,Molasses - Fancy,42
279,Health,Beef - Short Loin,584
280,Health,Chinese Foods - Cantonese,933
281,Tools,Pineapple - Golden,
282,Movies,Truffle Paste,198
283,Jewelry,"Asparagus - White, Fresh",
284,Clothing,Bread - Onion Focaccia,582
285,Kids,Muffins - Assorted,
286,Music,Tomatoes,59
287,Computers,Steel Wool,
288,Games,Coffee - Irish Cream,495
289,Clothing,Beer - Tetleys,623
290,Sports,Cheese - Stilton,726
291,Toys,Vinegar - Balsamic,162
292,Garden,Beef - Eye Of Round,758
293,Kids,Calaloo,
294,Music,"Oranges - Navel, 72",
295,Beauty,"Basil - Dry, Rubbed",626
296,Garden,Bagelers - Cinn / Brown,
297,Jewelry,Tofu - Soft,958
298,Music,Lamb Rack Frenched Australian,362
299,Outdoors,Wine - Rubyport,554
300,Jewelry,Sobe - Lizard Fuel,391
301,Games,Cocoa Powder - Dutched,641
302,Clothing,Cocktail Napkin Blue,593
303,Clothing,Wine - Marlbourough Sauv Blanc,
304,Movies,Wine - Jackson Triggs Okonagan,452
305,Books,Cheese - St. Paulin,
306,Games,Fireball Whisky,206
307,Computers,Truffle Shells - Semi - Sweet,717
308,Automotive,"Mushroom - Enoki, Fresh",
309,Shoes,Turnip - White,
310,Movies,Langers - Ruby Red Grapfruit,933
311,Beauty,Milk - Skim,
312,Toys,Sprouts - Baby Pea Tendrils,
313,Electronics,Pork - Smoked Kassler,5
314,Industrial,Tomatillo,
315,Health,Cheese - Bocconcini,944
316,Home,Cookie - Oreo 100x2,38
317,Industrial,"Veal - Insides, Grains",
318,Clothing,"Veal - Inside Round / Top, Lean",865
319,Baby,Pastry - Mini French Pastries,846
320,Tools,"Shrimp - 16/20, Peeled Deviened",
321,Toys,Pork Salted Bellies,951
322,Beauty,"Lemonade - Mandarin, 591 Ml",533
323,Shoes,Muffins - Assorted,
324,Movies,Cheese - Parmigiano Reggiano,686
325,Garden,Muffin - Mix - Creme Brule 15l,93
326,Toys,Wine - Fume Blanc Fetzer,578
327,Grocery,Horseradish Root,372
328,Home,Table Cloth 144x90 White,772
329,Jewelry,Shrimp - 100 / 200 Cold Water,769
330,Electronics,Nantucket Orange Juice,
331,Movies,Lamb - Shanks,752
332,Sports,Flower - Commercial Bronze,
333,Sports,"Soup - Campbells, Spinach Crm",945
334,Baby,Flavouring Vanilla Artificial,465
335,Music,Nori Sea Weed - Gold Label,965
336,Electronics,Cafe Royale,642
337,Movies,Ecolab - Ster Bac,
338,Outdoors,"Soup - Campbells, Cream Of",374
339,Electronics,Rice - Jasmine Sented,369
340,Computers,"Beans - Black Bean, Dry",703
341,Shoes,Salt And Pepper Mix - Black,111
342,Jewelry,Muffin - Carrot Individual Wrap,271
343,Outdoors,Chips Potato Swt Chilli Sour,879
344,Automotive,Cheese - Gouda Smoked,482
345,Clothing,Truffle Cups - White Paper,782
346,Electronics,Broom - Push,
347,Books,Carbonated Water - Blackberry,548
348,Movies,Ginger - Fresh,
349,Jewelry,Rabbit - Legs,
350,Industrial,Pastry - Butterscotch Baked,688
351,Beauty,Cake - Cheese Cake 9 Inch,
352,Kids,Bread Fig And Almond,891
353,Kids,Trueblue - Blueberry,69
354,Outdoors,Hummus - Spread,345
355,Music,Oil - Avocado,554
356,Computers,Anisette - Mcguiness,601
357,Jewelry,Wine - Valpolicella Masi,
358,Tools,Table Cloth 62x120 Colour,139
359,Music,Salmon Steak - Cohoe 6 Oz,580
360,Baby,Broom - Push,155
361,Beauty,Ham - Virginia,16
362,Music,Eggwhite Frozen,244
363,Toys,Grapefruit - White,714
364,Industrial,Bagel - Sesame Seed Presliced,787
365,Beauty,"Bread - Bagels, Plain",
366,Books,"Coffee - Colombian, Portioned",785
367,Toys,Venison - Ground,
368,Clothing,Coffee Cup 16oz Foam,829
369,Music,"Chestnuts - Whole,canned",479
370,Games,Sun - Dried Tomatoes,822
371,Tools,Cucumber - English,254
372,Tools,Steampan Lid,
373,Grocery,Alize Gold Passion,
374,Beauty,Pork Ham Prager,
375,Home,Turkey - Oven Roast Breast,990
376,Books,Cookie Dough - Oatmeal Rasin,494
377,Shoes,Muffin - Carrot Individual Wrap,937
378,Beauty,"Soup - Beef Conomme, Dry",989
379,Toys,Bread - Calabrese Baguette,108
380,Home,Wine - Magnotta - Cab Franc,242
381,Health,"Turnip - White, Organic",449
382,Garden,"Wine - Red, Wolf Blass, Yellow",
383,Movies,Praline Paste,934
384,Grocery,"Pepper - White, Whole",107
385,Shoes,Sauerkraut,810
386,Shoes,Bowl 12 Oz - Showcase 92012,660
387,Beauty,Avocado,488
388,Computers,Wood Chips - Regular,931
389,Tools,Flower - Daisies,218
390,Kids,Muffin Hinge Container 6,717
391,Tools,Wine - Zinfandel Rosenblum,923
392,Toys,Cut Wakame - Hanawakaba,489
393,Clothing,Compound - Rum,58
394,Toys,Cheese - La Sauvagine,630
395,Books,Wine - Fino Tio Pepe Gonzalez,430
396,Garden,Chinese Foods - Thick Noodles,651
397,Industrial,Salami - Genova,
398,Kids,Glass Clear 8 Oz,286
399,Baby,Beef - Top Sirloin,
400,Toys,Shrimp - Black Tiger 13/15,221
401,Kids,Figs,
402,Sports,Cheese - Mascarpone,104
403,Toys,"Nut - Cashews, Whole, Raw",
404,Movies,Ecolab - Lime - A - Way 4/4 L,
405,Computers,Juice - Propel Sport,
406,Sports,Chicken - Soup Base,
407,Electronics,Bay Leaf Ground,8
408,Industrial,Puree - Strawberry,490
409,Movies,"Salt - Rock, Course",417
410,Garden,Chocolate - Milk Coating,
411,Outdoors,Butter Balls Salted,
412,Home,Capicola - Hot,
413,Electronics,Wine - Wyndham Estate Bin 777,745
414,Computers,"Pasta - Detalini, White, Fresh",851
415,Tools,Yoghurt Tubes,195
416,Automotive,Relish,
417,Movies,Oranges,767
418,Sports,Parsley - Dried,
419,Tools,Beer - Labatt Blue,399
420,Outdoors,Wine - Jackson Triggs Okonagan,100
421,Sports,Aromat Spice / Seasoning,456
422,Clothing,Spring Roll Wrappers,133
423,Outdoors,"Beef - Rib Roast, Cap On",894
424,Kids,The Pop Shoppe - Lime Rickey,873
425,Baby,Cookies - Englishbay Chochip,134
426,Games,Syrup - Monin - Granny Smith,
427,Toys,Sauce - Vodka Blush,699
428,Garden,Wine - Savigny - Les - Beaune,
429,Automotive,"Wine - Red, Wolf Blass, Yellow",207
430,Beauty,Cup - 8oz Coffee Perforated,
431,Music,"Nut - Walnut, Chopped",628
432,Clothing,Wine - Rosso Toscano Igt,850
433,Movies,Laundry - Bag Cloth,611
434,Books,"Soda Water - Club Soda, 355 Ml",
435,Grocery,Beef Dry Aged Tenderloin Aaa,902
436,Baby,Tea - Jasmin Green,
437,Home,"Trout - Rainbow, Fresh",
438,Toys,Jolt Cola - Electric Blue,
439,Baby,Wine - Muscadet Sur Lie,675
440,Health,Yams,
441,Baby,Beer - Heinekin,896
442,Outdoors,Bay Leaf Fresh,53
443,Home,Wasabi Powder,
444,Garden,Sauerkraut,117
445,Grocery,Browning Caramel Glace,
446,Beauty,Vaccum Bag - 14x20,
447,Books,Wine - Clavet Saint Emilion,910
448,Sports,Nantucket Apple Juice,
449,Tools,Cheese - Cheddar With Claret,917
450,Computers,"Beef - Cooked, Corned",728
451,Electronics,Jameson Irish Whiskey,672
452,Clothing,Corn - Mini,661
453,Clothing,Devonshire Cream,703
454,Electronics,Pastry - Carrot Muffin - Mini,
455,Books,Flour Dark Rye,
456,Baby,Cheese - Gorgonzola,255
457,Clothing,"Bread - Roll, Soft White Round",
458,Baby,Wine - Magnotta - Pinot Gris Sr,312
459,Shoes,Cocoa Butter,
460,Kids,Persimmons,657
461,Music,Mcgillicuddy Vanilla Schnap,260
462,Shoes,Pork - Backs - Boneless,458
463,Home,Beef - Tenderloin - Aa,868
464,Kids,Beer - Pilsner Urquell,981
465,Industrial,Eggwhite Frozen,223
466,Computers,Peach - Halves,
467,Health,Veal - Osso Bucco,
468,Clothing,Beer - Labatt Blue,633
469,Tools,Nantucket - Pomegranate Pear,119
470,Clothing,"Roe - Lump Fish, Red",816
471,Tools,Wine - Spumante Bambino White,
472,Movies,Wine - Magnotta - Belpaese,776
473,Electronics,Lamb Rack Frenched Australian,20
474,Movies,Compound - Orange,926
475,Music,"Lobster - Tail, 3 - 4 Oz",919
476,Outdoors,Greens Mustard,51
477,Clothing,Sauce - Thousand Island,458
478,Kids,Smirnoff Green Apple Twist,351
479,Toys,Cleaner - Bleach,
480,Baby,Milk 2% 500 Ml,
481,Clothing,Wine - Black Tower Qr,783
482,Industrial,"Pasta - Gnocchi, Potato",335
483,Beauty,Beets,
484,Sports,Juice - Apple 284ml,
485,Games,"Cheese - Mozzarella, Buffalo",221
486,Shoes,Cheese - Gorgonzola,521
487,Industrial,"Wine - White, Pinot Grigio",
488,Electronics,Tea - Black Currant,410
489,Health,Trout - Smoked,952
490,Automotive,Lamb - Shoulder,124
491,Jewelry,Bagel - Plain,858
492,Sports,Jicama,
493,Home,Salt And Pepper Mix - White,192
494,Computers,Lamb - Loin Chops,976
495,Electronics,Wine - Chateauneuf Du Pape,353
496,Electronics,"Pasta - Tortellini, Fresh",234
497,Kids,Milk - Homo,871
498,Home,Pie Filling - Apple,40
499,Shoes,"Soup - Knorr, Veg / Beef",314
500,Tools,"Sauce - Black Current, Dry Mix",886
501,Home,Pork - Liver,74
502,Industrial,Crackers - Soda / Saltins,603
503,Garden,Soup - Campbells Chicken,
504,Electronics,"Mop Head - Cotton, 24 Oz",
505,Home,Chickensplit Half,
506,Toys,"Tarragon - Primerba, Paste",99
507,Tools,Fork - Plastic,824
508,Computers,Wine - Riesling Alsace Ac 2001,
509,Health,"Cherries - Maraschino,jar",32
510,Computers,Oven Mitt - 13 Inch,367
511,Electronics,Wine - Touraine Azay - Le - Rideau,695
512,Baby,"Rum - Spiced, Captain Morgan",864
513,Outdoors,Plate Foam Laminated 9in Blk,370
514,Home,Jolt Cola - Red Eye,536
515,Industrial,Soup - Campbells - Chicken Noodle,303
516,Clothing,Olive - Spread Tapenade,33
517,Home,Calypso - Lemonade,509
518,Outdoors,Bagel - 12 Grain Preslice,42
519,Movies,Truffle Shells - Semi - Sweet,196
520,Baby,Wine - Puligny Montrachet A.,
521,Industrial,"Flour - Buckwheat, Dark",916
522,Grocery,Flower - Leather Leaf Fern,967
523,Home,Catfish - Fillets,840
524,Electronics,Lemon Grass,882
525,Grocery,Crackers - Trio,576
526,Home,Cheese - Oka,730
527,Games,Wine - Clavet Saint Emilion,642
528,Movies,Pork - Inside,108
529,Health,"Sauce - Soya, Light",942
530,Beauty,Passion Fruit,220
531,Garden,Pepsi - 600ml,179
532,Tools,Trout Rainbow Whole,
533,Automotive,Flower - Leather Leaf Fern,
534,Games,Sausage - Breakfast,
535,Garden,Quail - Jumbo Boneless,995
536,Tools,Table Cloth 62x120 Colour,818
537,Shoes,Duck - Legs,407
538,Electronics,Veal - Knuckle,294
539,Kids,Dried Figs,357
540,Jewelry,Steamers White,134
541,Baby,"Juice - Apple, 341 Ml",
542,Movies,"Bread - White, Unsliced",
543,Toys,Thyme - Fresh,102
544,Electronics,Straw - Regular,313
545,Baby,"Mushroom - Enoki, Fresh",264
546,Toys,Energy Drink Bawls,501
547,Clothing,Ice Cream - Vanilla,103
548,Toys,Bread Roll Foccacia,815
549,Industrial,Wine - Alsace Riesling Reserve,
550,Movies,Beef - Striploin,48
551,Jewelry,Soup - Base Broth Beef,355
552,Sports,Appetizer - Cheese Bites,101
553,Health,"Peas - Pigeon, Dry",484
554,Kids,Marjoram - Fresh,235
555,Baby,Towel Multifold,
556,Movies,Butter Balls Salted,711
557,Outdoors,Wine - Gato Negro Cabernet,
558,Clothing,"Beef - Cooked, Corned",943
559,Home,"Pepper - Chipotle, Canned",848
560,Tools,Lamb Rack - Ontario,229
561,Music,Beets,731
562,Music,Juice - Apple Cider,731
563,Garden,"Napkin - Beverge, White 2 - Ply",736
564,Computers,Soup Campbells Split Pea And Ham,852
565,Tools,"Pork - Back, Short Cut, Boneless",431
566,Shoes,Plastic Arrow Stir Stick,327
567,Books,"Wine - Red, Concha Y Toro",
568,Automotive,Venison - Racks Frenched,294
569,Beauty,Vanilla Beans,990
570,Garden,Corn Kernels - Frozen,
571,Toys,"Napkin - Cocktail,beige 2 - Ply",
572,Electronics,Coffee - Egg Nog Capuccino,273
573,Games,Bread - Sour Sticks With Onion,135
574,Clothing,Soup - Campbells Chicken,767
575,Beauty,"Cake Circle, Foil, Scallop",539
576,Clothing,Pastry - Apple Muffins - Mini,
577,Industrial,Wine La Vielle Ferme Cote Du,325
578,Baby,Dip - Tapenade,
579,Computers,Wine - Montecillo Rioja Crianza,110
580,Electronics,Wanton Wrap,
581,Computers,Crackers - Melba Toast,
582,Home,Water - Green Tea Refresher,967
583,Industrial,Aromat Spice / Seasoning,788
584,Music,Savory,
585,Electronics,Wine - Sake,671
586,Sports,Pie Filling - Cherry,5
587,Beauty,"Cheese - Cheddar, Medium",592
588,Automotive,Banana,107
589,Outdoors,"Wine - White, Mosel Gold",680
590,Games,Bread Base - Toscano,260
591,Jewelry,Ham - Proscuitto,846
592,Outdoors,Red Cod Fillets - 225g,
593,Music,"Stock - Veal, White",201
594,Automotive,Container - Foam Dixie 12 Oz,
595,Shoes,"Lemonade - Kiwi, 591 Ml",
596,Grocery,"Soup - Campbells, Spinach Crm",627
597,Grocery,Chevril,
598,Kids,Cheese Cheddar Processed,469
599,Outdoors,Cake - Night And Day Choclate,676
600,Games,Squeeze Bottle,360
601,Health,Cabbage - Savoy,43
602,Health,Vaccum Bag - 14x20,141
603,Music,Tuna - Loin,
604,Sports,Mushrooms - Honey,113
605,Beauty,Chocolate - Unsweetened,
606,Computers,"Cheese - Brie, Cups 125g",971
607,Books,Cookie Dough - Oatmeal Rasin,
608,Home,"Nut - Peanut, Roasted",
609,Automotive,Chicken - White Meat With Tender,711
610,Computers,Cocoa Feuilletine,550
611,Outdoors,Spice - Pepper Portions,128
612,Automotive,Napkin - Beverage 1 Ply,
613,Clothing,Milk Powder,935
614,Outdoors,Vanilla Beans,634
615,Industrial,Trueblue - Blueberry Cranberry,
616,Toys,Arizona - Plum Green Tea,762
617,Shoes,Bread - Dark Rye,281
618,Sports,"Salmon - Atlantic, Fresh, Whole",279
619,Garden,Oil - Grapeseed Oil,
620,Toys,Lettuce - Green Leaf,761
621,Baby,Ecolab Silver Fusion,
622,Outdoors,Numi - Assorted Teas,
623,Computers,Foil Cont Round,
624,Kids,Nut - Pumpkin Seeds,
625,Games,Cleaner - Lime Away,744
626,Automotive,Lettuce - Romaine,895
627,Tools,Wine - Pinot Noir Pond Haddock,313
628,Health,Lid Coffee Cup 8oz Blk,999
629,Kids,Chutney Sauce - Mango,
630,Home,"Wine - White, Ej Gallo",52
631,Movies,Table Cloth 81x81 Colour,402
632,Kids,"Syrup - Monin, Irish Cream",
633,Kids,"Tart Shells - Savory, 3",
634,Home,Cassis,999
635,Clothing,Blueberries,621
636,Industrial,Oats Large Flake,68
637,Tools,Spice - Onion Powder Granulated,698
638,Jewelry,Celery Root,
639,Automotive,Sobe - Orange Carrot,626
640,Home,Eggplant Italian,612
641,Grocery,Sea Urchin,782
642,Games,Dikon,
643,Health,"Pasta - Elbows, Macaroni, Dry",384
644,Beauty,Kiwano,832
645,Shoes,Cleaner - Comet,22
646,Shoes,Cookie Dough - Chunky,611
647,Electronics,Bread - Dark Rye,298
648,Movies,Tomatoes Tear Drop,211
649,Tools,Foam Cup 6 Oz,
650,Jewelry,Flavouring - Rum,
651,Beauty,Potatoes - Mini White 3 Oz,330
652,Industrial,Lettuce - Red Leaf,301
653,Books,Bacardi Breezer - Strawberry,
654,Shoes,Truffle - Peelings,809
655,Kids,Frangelico,902
656,Tools,Lemon Pepper,155
657,Music,Tuna - Salad Premix,12
658,Home,"Beef - Baby, Liver",
659,Movies,"Placemat - Scallop, White",523
660,Sports,"Soup - Clam Chowder, Dry Mix",12
661,Tools,Squid - Tubes / Tenticles 10/20,242
662,Movies,Lid Tray - 16in Dome,855
663,Industrial,"Tomatoes - Diced, Canned",875
664,Games,Foam Espresso Cup Plain White,99
665,Tools,Squash - Butternut,
666,Health,Wooden Mop Handle,851
667,Industrial,Energy Drink - Redbull 355ml,682
668,Beauty,Bread - Bistro Sour,93
669,Automotive,Beef - Striploin Aa,588
670,Beauty,Potatoes - Mini Red,501
671,Home,Beer - Original Organic Lager,47
672,Outdoors,Dill Weed - Dry,
673,Sports,Pepper - Cubanelle,
674,Tools,Nantucket Pine Orangebanana,
675,Games,Kiwi Gold Zespri,360
676,Toys,Beef - Kobe Striploin,
677,Home,Raisin - Golden,626
678,Garden,Chicken - Whole Roasting,688
679,Home,Wine - Conde De Valdemar,149
680,Electronics,Bok Choy - Baby,
681,Books,"Wine - Magnotta, Merlot Sr Vqa",432
682,Electronics,"Beans - Kidney, Red Dry",
683,Beauty,Chicken - Whole Fryers,978
684,Movies,"Lamb - Racks, Frenched",
685,Sports,Milk - Homo,379
686,Kids,Lobster - Live,
687,Kids,Wine - Chateau Aqueria Tavel,723
688,Shoes,Jameson Irish Whiskey,702
689,Clothing,Beef Tenderloin Aaa,
690,Outdoors,"Sauce - Bernaise, Mix",
691,Baby,Pork - Liver,477
692,Jewelry,Onions - Spanish,
693,Toys,"Soup - Knorr, Chicken Noodle",659
694,Garden,Parsnip,
695,Health,Long Island Ice Tea,32
696,Garden,Bread - Italian Roll With Herbs,
697,Computers,"Seedlings - Mix, Organic",
698,Computers,Dc Hikiage Hira Huba,401
699,Outdoors,Yucca,198
700,Games,"Wine - Magnotta - Red, Baco",654
701,Books,Soup - Chicken And Wild Rice,243
702,Shoes,"Coconut - Creamed, Pure",848
703,Games,Icecream - Dstk Cml And Fdg,95
704,Electronics,"Coconut - Creamed, Pure",
705,Sports,Beans - Wax,178
706,Books,Lettuce - Baby Salad Greens,584
707,Kids,Pork - Suckling Pig,799
708,Clothing,Garbage Bags - Clear,
709,Sports,Juice - Cranberry 284ml,966
710,Grocery,"Rum - Cream, Amarula",268
711,Automotive,Monkfish Fresh - Skin Off,
712,Kids,Cookie Dough - Chunky,683
713,Shoes,Rosemary - Dry,669
714,Electronics,Silicone Parch. 16.3x24.3,481
715,Beauty,Pepper - Roasted Red,705
716,Sports,Mustard - Pommery,639
717,Home,"Rum - Dark, Bacardi, Black",
718,Jewelry,"Wine - White, Ej",
719,Books,Mahi Mahi,248
720,Shoes,Chocolate - Dark Callets,
721,Tools,Beef - Top Butt Aaa,865
722,Outdoors,Bread - Rosemary Focaccia,
723,Outdoors,Carbonated Water - Lemon Lime,
724,Home,Wine La Vielle Ferme Cote Du,376
725,Electronics,Pastry - Apple Muffins - Mini,466
726,Outdoors,Bag - Clear 7 Lb,823
727,Computers,Eggplant - Regular,189
728,Books,"Bar Mix - Pina Colada, 355 Ml",
729,Kids,Cattail Hearts,
730,Garden,Wine - Fume Blanc Fetzer,
731,Games,Cranberries - Fresh,750
732,Music,Coriander - Seed,
733,Baby,"Chicken - Breast, 5 - 7 Oz",729
734,Kids,Wine - Malbec Trapiche Reserve,10
735,Movies,Beer - Paulaner Hefeweisse,
736,Movies,Wasabi Paste,48
737,Home,"Water, Tap",94
738,Music,Jagermeister,76
739,Baby,Quinoa,361
740,Home,Chinese Foods - Chicken Wing,300
741,Music,Cheese - Gouda Smoked,457
742,Toys,Tequila - Sauza Silver,
743,Jewelry,Ice Cream - Fudge Bars,
744,Health,Cookie Dough - Oatmeal Rasin,175
745,Electronics,Glucose,756
746,Health,Turkey Leg With Drum And Thigh,107
747,Beauty,Pepper - Chili Powder,
748,Electronics,Wine - Rosso Toscano Igt,32
749,Baby,"Loaf Pan - 2 Lb, Foil",687
750,Baby,"Bread - Roll, Whole Wheat",129
751,Outdoors,Cheese - Sheep Milk,202
752,Games,Table Cloth 144x90 White,
753,Computers,"Peas - Pigeon, Dry",128
754,Movies,Scallops - U - 10,255
755,Toys,Beans - Wax,
756,Beauty,Chicken Breast Halal,459
757,Computers,Carbonated Water - Raspberry,
758,Jewelry,Skirt - 29 Foot,761
759,Movies,Steampan - Foil,166
760,Kids,Shrimp - Black Tiger 13/15,640
761,Jewelry,Wine - Coteaux Du Tricastin Ac,
762,Beauty,Pears - Anjou,164
763,Electronics,Muffins - Assorted,
764,Movies,Beef Flat Iron Steak,449
765,Electronics,Ice Cream Bar - Hageen Daz To,643
766,Shoes,"Bread - Pumpernickle, Rounds",
767,Computers,Apple - Royal Gala,
768,Industrial,Plums - Red,
769,Jewelry,"Marjoram - Dried, Rubbed",833
770,Clothing,"Yogurt - Strawberry, 175 Gr",605
771,Games,Truffle Cups - White Paper,211
772,Baby,Cookie - Oreo 100x2,
773,Grocery,"Chocolate - Semi Sweet, Calets",
774,Clothing,Plums - Red,498
775,Games,Ginger - Fresh,436
776,Computers,Sage - Rubbed,602
777,Toys,Bar Nature Valley,806
778,Computers,Ginger - Fresh,173
779,Industrial,Lidsoupcont Rp12dn,64
780,Computers,Yogurt - French Vanilla,466
781,Automotive,Basil - Pesto Sauce,
782,Clothing,Alize Red Passion,315
783,Grocery,Artichoke - Fresh,319
784,Books,Bread - Hamburger Buns,817
785,Automotive,Gherkin - Sour,953
786,Industrial,Garbage Bags - Black,
787,Home,Dill Weed - Fresh,321
788,Grocery,Bulgar,355
789,Movies,Apples - Spartan,
790,Tools,Puree - Passion Fruit,751
791,Games,Red Pepper Paste,
792,Toys,Island Oasis - Lemonade,332
793,Beauty,Sprouts - Pea,481
794,Sports,Calypso - Strawberry Lemonade,577
795,Automotive,Pepper - Yellow Bell,
796,Books,Fond - Neutral,
797,Toys,Coffee Caramel Biscotti,734
798,Baby,Mushroom Morel Fresh,
799,Sports,Spring Roll Wrappers,93
800,Toys,Rice - Jasmine Sented,
801,Grocery,Pop Shoppe Cream Soda,997
802,Jewelry,True - Vue Containers,757
803,Shoes,Pork - Ham Hocks - Smoked,403
804,Computers,Wine - Black Tower Qr,
805,Home,Onions - Cooking,234
806,Games,Cranberry Foccacia,848
807,Toys,Pop - Club Soda Can,
808,Industrial,Wine - Sicilia Igt Nero Avola,865
809,Automotive,Bols Melon Liqueur,847
810,Outdoors,Cheese - Bocconcini,
811,Electronics,Wine - Cousino Macul Antiguas,5
812,Games,Chocolate Eclairs,448
813,Baby,Wine - Charddonnay Errazuriz,53
814,Electronics,Mousse - Mango,789
815,Health,Sherbet - Raspberry,246
816,Shoes,Squid - Tubes / Tenticles 10/20,433
817,Movies,Cheese - Augre Des Champs,
818,Sports,Cheese - Brie Roitelet,
819,Books,Tea - Camomele,
820,Baby,"Lid - High Heat, Super Clear",147
821,Sports,Cheese - Cambozola,466
822,Industrial,Blackberries,
823,Home,"Lamb - Leg, Bone In",96
824,Automotive,Cheese - Feta,
825,Industrial,Knife Plastic - White,
826,Books,"Syrup - Golden, Lyles",752
827,Kids,Lid Coffee Cup 8oz Blk,509
828,Grocery,Chinese Foods - Pepper Beef,
829,Sports,Beans - Wax,
830,Books,"Chocolate - Pistoles, White",
831,Home,"Pork - Chop, Frenched",662
832,Toys,"Coke - Classic, 355 Ml",342
833,Toys,Chick Peas - Canned,
834,Shoes,Milk Powder,442
835,Industrial,Anchovy In Oil,567
836,Sports,Bread - Ciabatta Buns,977
837,Shoes,Lighter - Bbq,663
838,Grocery,Flour - Fast / Rapid,
839,Computers,Juice - Orange 1.89l,807
840,Movies,Wine - Ej Gallo Sonoma,734
841,Grocery,Cherries - Frozen,526
842,Computers,Mousse - Passion Fruit,316
843,Industrial,Dish Towel,266
844,Outdoors,Cheese - Provolone,392
845,Sports,Rice - Long Grain,
846,Outdoors,Rabbit - Frozen,641
847,Garden,Potato - Sweet,73
848,Music,Corn Kernels - Frozen,843
849,Movies,Bag Clear 10 Lb,198
850,Garden,Waffle Stix,424
851,Automotive,Flavouring - Raspberry,478
852,Kids,Vinegar - Tarragon,487
853,Beauty,Breadfruit,5
854,Tools,Beef - Ground Lean Fresh,611
855,Books,Skirt - 29 Foot,447
856,Music,Filter - Coffee,826
857,Music,Grapes - Black,557
858,Games,Cookies - Englishbay Wht,446
859,Electronics,Ecolab - Solid Fusion,978
860,Games,Wine - Chateauneuf Du Pape,
861,Electronics,Garbag Bags - Black,131
862,Grocery,Rabbit - Frozen,384
863,Clothing,Crackers - Soda / Saltins,25
864,Outdoors,Beef Wellington,12
865,Books,"Nut - Walnut, Chopped",210
866,Jewelry,"Shrimp - 16/20, Peeled Deviened",660
867,Baby,Cookie Dough - Oatmeal Rasin,
868,Beauty,"Quail - Whole, Bone - In",
869,Clothing,Corn - Mini,85
870,Computers,Icecream - Dibs,376
871,Music,"Beef - Roasted, Cooked",
872,Toys,Lamb - Shanks,437
873,Automotive,"Mustard - Dry, Powder",605
874,Electronics,Wine - Zinfandel Rosenblum,475
875,Outdoors,Pastry - Plain Baked Croissant,
876,Industrial,"Sauce - Soya, Light",391
877,Electronics,Pineapple - Golden,381
878,Jewelry,Sprouts - Bean,284
879,Computers,Venison - Liver,817
880,Kids,Peach - Fresh,837
881,Tools,Bread - Multigrain,
882,Clothing,Silicone Parch. 16.3x24.3,604
883,Shoes,Wine - Zinfandel Rosenblum,327
884,Kids,Flour - All Purpose,167
885,Clothing,Bay Leaf Ground,829
886,Home,Gherkin,114
887,Home,"Tart Shells - Savory, 2",24
888,Health,Bread - Triangle White,514
889,Movies,Ham - Proscuitto,
890,Automotive,Icecream Bar - Del Monte,
891,Movies,Sachet,680
892,Music,"Tomatoes - Cherry, Yellow",177
893,Toys,Rice - Wild,190
894,Books,Grapes - Red,489
895,Grocery,Appetizer - Asian Shrimp Roll,
896,Beauty,Molasses - Fancy,639
897,Jewelry,Wine - Sauvignon Blanc Oyster,
898,Industrial,Beef - Ground Medium,910
899,Clothing,Wine - Hardys Bankside Shiraz,602
900,Toys,Tomatillo,701
901,Baby,Wine - Cotes Du Rhone,
902,Grocery,"Wine - White, Ej Gallo",210
903,Industrial,Crab Meat Claw Pasteurise,934
904,Books,Beer - Muskoka Cream Ale,465
905,Shoes,Latex Rubber Gloves Size 9,159
906,Movies,Dr. Pepper - 355ml,
907,Grocery,Marzipan 50/50,556
908,Kids,"Chocolate - Semi Sweet, Calets",548
909,Sports,"Pasta - Lasagna Noodle, Frozen",781
910,Health,Beans - Kidney White,657
911,Games,Sterno - Chafing Dish Fuel,
912,Tools,Energy Drink Bawls,119
913,Grocery,Beets - Mini Golden,
914,Sports,Bread - Petit Baguette,459
915,Movies,Cake - Box Window 10x10x2.5,511
916,Computers,Pear - Packum,
917,Clothing,Ketchup - Tomato,851
918,Sports,"Lettuce - Mini Greens, Whole",600
919,Tools,Beef - Short Ribs,491
920,Toys,"Artichoke - Hearts, Canned",
921,Automotive,"Oil - Truffle, Black",
922,Jewelry,Cheese - Cream Cheese,90
923,Clothing,Gherkin - Sour,
924,Beauty,Wine - Charddonnay Errazuriz,504
925,Kids,Worcestershire Sauce,
926,Baby,Pate - Liver,817
927,Grocery,"Liqueur Banana, Ramazzotti",24
928,Grocery,Goat - Leg,638
929,Automotive,Cake - Miini Cheesecake Cherry,313
930,Garden,Pastry - Chocolate Chip Muffin,643
931,Baby,Soup - Campbellschix Stew,968
932,Toys,Truffle Cups - Red,89
933,Grocery,Red Currant Jelly,388
934,Games,Pan Grease,416
935,Garden,Beef - Sushi Flat Iron Steak,266
936,Jewelry,Pea - Snow,937
937,Electronics,"Crab - Claws, 26 - 30",531
938,Jewelry,Bay Leaf,
939,Shoes,Mix Pina Colada,
940,Home,Walkers Special Old Whiskey,784
941,Games,Rabbit - Frozen,77
942,Computers,Beans - Fava Fresh,349
943,Garden,Pie Filling - Apple,971
944,Outdoors,Pie Shell - 9,
945,Baby,Sauce - Cranberry,693
946,Health,Cheese - Valancey,60
947,Automotive,Remy Red,377
948,Music,"Rum - Coconut, Malibu",370
949,Shoes,Pernod,915
950,Home,Wine - Shiraz Wolf Blass Premium,265
951,Beauty,Longos - Grilled Chicken With,870
952,Movies,Pork - Smoked Kassler,
953,Music,Soup - Campbells Mac N Cheese,912
954,Music,Nantucket - Pomegranate Pear,
955,Jewelry,Egg - Salad Premix,781
956,Sports,"Pasta - Fettuccine, Egg, Fresh",626
957,Baby,"Fish - Soup Base, Bouillon",
958,Clothing,Turkey - Oven Roast Breast,
959,Health,Sugar - Individual Portions,483
960,Books,Squash - Sunburst,
961,Grocery,"Wine - Red, Marechal Foch",362
962,Beauty,Vaccum Bag 10x13,550
963,Health,Lettuce - Escarole,
964,Home,Allspice - Jamaican,105
965,Industrial,Oil - Peanut,992
966,Garden,"Lamb - Whole, Frozen",66
967,Garden,Flavouring - Rum,336
968,Automotive,"Mushroom - Porcini, Dry",330
969,Garden,Cafe Royale,794
970,Kids,Lettuce - Romaine,
971,Tools,Pepper - Jalapeno,418
972,Clothing,Wine - Conde De Valdemar,803
973,Sports,"Halibut - Whole, Fresh",45
974,Electronics,Food Colouring - Orange,340
975,Kids,Bandage - Flexible Neon,497
976,Health,Dikon,602
977,Tools,"Rum - Coconut, Malibu",
978,Baby,Snapple - Mango Maddness,486
979,Shoes,Cake - Box Window 10x10x2.5,17
980,Games,Carbonated Water - Orange,
981,Electronics,Wine - Conde De Valdemar,683
982,Shoes,Sponge Cake Mix - Chocolate,313
983,Movies,"Beef - Roasted, Cooked",261
984,Kids,"Syrup - Monin, Swiss Choclate",715
985,Automotive,Carbonated Water - Lemon Lime,
986,Baby,Wine - Saint Emilion Calvet,545
987,Industrial,Baking Soda,472
988,Music,Rice - Wild,
989,Tools,Pork - Backs - Boneless,572
990,Electronics,Flour - Rye,901
991,Beauty,Soup Knorr Chili With Beans,247
992,Clothing,Muffin Chocolate Individual Wrap,739
993,Movies,Ice Cream - Vanilla,491
994,Grocery,Mint - Fresh,
995,Home,Arizona - Plum Green Tea,340
996,Health,Carroway Seed,198
997,Electronics,"Shrimp - 16/20, Iqf, Shell On",
998,Tools,"Nut - Almond, Blanched, Whole",301
999,Home,"Rosemary - Primerba, Paste",959
1000,Electronics,Paper Towel Touchless,